{"v":"5.6.10","fr":29.9700012207031,"ip":0,"op":31.0000012626559,"w":654,"h":654,"nm":"合成 1","ddd":0,"assets":[{"id":"image_0","w":654,"h":654,"u":"images/","p":"img_0.png","e":0}],"layers":[{"ddd":0,"ind":1,"ty":2,"nm":"2@3x.png","cl":"png","refId":"image_0","sr":1,"ks":{"o":{"a":0,"k":100,"ix":11},"r":{"a":1,"k":[{"i":{"x":[0.833],"y":[0.833]},"o":{"x":[0.167],"y":[0.167]},"t":0,"s":[0]},{"t":31.0000012626559,"s":[360]}],"ix":10},"p":{"a":0,"k":[327,327,0],"ix":2},"a":{"a":0,"k":[327,327,0],"ix":1},"s":{"a":0,"k":[100,100,100],"ix":6}},"ao":0,"ip":0,"op":150.000006109625,"st":0,"bm":0}],"markers":[]}